順位,タイトル,巻数,発売日
8066,セコケチ義妹がすべてを失った話（５） (コミックざまぁ),5,2026-07-02
10539,婚約者の妹と絶倫セフレになった話: 真激COMICS,,2026-07-02
10719,お嬢様はお仕置きが好き【マイクロ】（５８） (フラワーコミックスα),58,2026-07-02
13356,小田原観光大使になれるかな season3 (バンブーコミックス エッセイセレクション),,2026-07-02
26105,夜伽の双子―贄姫は二人の王子に愛される―【マイクロ】（４９） (フラワーコミックス),49,2026-07-02
34908,花は二度咲き乱れる【マイクロ】（４６） (フラワーコミックス),46,2026-07-02
39509,遼河社長はイケない。【マイクロ】（４５） (フラワーコミックスα),45,2026-07-02
44363,花は二度咲き乱れる【マイクロ】（４７） (フラワーコミックス),47,2026-07-02
47541,セフレの品格－プライド－ ： 44 (ジュールコミックス),44,2026-07-02
48572,赤の結婚【マイクロ】 22 (フラワーコミックス),22,2026-07-02
50786,悪魔と俺と 分冊版 ： 8 (アクションコミックス),8,2026-07-02
56345,灰色人間生活 （3） 【かきおろし漫画付】 (comic RiSky(リスキー)),3,2026-07-02
64273,悪魔と俺と 分冊版 ： 7 (アクションコミックス),7,2026-07-02
67751,双子の妹に殺された姉、二度目の人生は初恋のイケおじ王弟にフルベットします！ 連載版：2 (ブシロードコミックス),,2026-07-02
71527,双子の妹に殺された姉、二度目の人生は初恋のイケおじ王弟にフルベットします！ 連載版：3 (ブシロードコミックス),,2026-07-02
74134,双子の妹に殺された姉、二度目の人生は初恋のイケおじ王弟にフルベットします！ 連載版：1-2 (ブシロードコミックス),,2026-07-02
92062,生まれ変わってやり直させて【マイクロ】（１４） (フラワーコミックス),14,2026-07-02
92310,双子の妹に殺された姉、二度目の人生は初恋のイケおじ王弟にフルベットします！ 連載版：1-1 (ブシロードコミックス),,2026-07-02
134392,蝶は愛執の檻にとらわれる【マイクロ】【番外編】（１９） (フラワーコミックス),19,2026-07-02